Region,Port,Koordinat,Masuk Alur ,Lebar Alur,Jlh Jembatan,Jenis Port,Pemilik Port,Antri Muat (hari),Jlh Dermaga,Pjg Dermaga,Draft,DWT,Siklus Pasang,Loading Method,Loading Rate (MT/jam),Shipper,,
Sumatera Utara,Kuala Tanjung,"3.360935, 99.449204",Tidak,,0,Umum,Pelindo ,1,,,,,,Pipe Line,150,,,
Sumatera Utara,Belawan,"3.789160568123109, 98.69031057182485",Tidak,,0,Umum,Pelindo ,2,,,,,,Pipe Line,100,,,
Sumatera Barat,Teluk Bayur,"-1.001012, 100.368673",Tidak,,0,Umum,Pelindo ,1,,,,,1 hari 2 kali,Pipe Line,150,,,
Riau,Rengat,"-0.3503309, 102.5166065",Ya,,3,TUKS,,1,,,,,1 hari 2 kali,Pipe Line,150,,,
Riau,Sungai Guntung,"0.155979, 103.165748",Ya,,0,TUKS,,1,,,,,1 hari 2 kali,Pipe Line,150,,,
Riau,Dumai,"1.7410574970912346, 101.37210333258164",Tidak,,0,TUKS,,1,,,,,,Pipe Line,150,,,
Riau,Lubuk Gaung,"1.7410574970912346, 101.37210333258164",Tidak,,0,TUKS,,1,,,,,,Pipe Line,150,,,
Kep. Riau,Pangkal Balam - TL,"-2.088082, 106.130475",Ya,,1,Umum,,4,,,,,,Truck Loosing,50,,,
Kep. Riau,Sadai,"-3.0046465745976767, 106.73832740017517",Tidak,,0,Umum,,1,,,,,,Truck Loosing,30,,,
Kep. Riau,Belinyu,"1°37'47""S 105°43'57""E",Tidak,,0,Umum,,1,,,,,,Pipe Line,150,,,
Kep. Riau,Bintan,"0°51'32""N 104°36'42""E",Tidak,,0,Umum,,2,,,,,,Truck Loosing,50,Tirtamadu,,
Kep. Riau,Batam,"1.0759, 104.1372",Tidak,,0,Umum,,1,,,,,,Pipe Line,150,,,
Kep. Riau,Batam,"1.518302, 103.668730",Tidak,,0,Umum,,1,,,,,,Pipe Line,150,,,
Jambi,Talang Duku,"1°31'11""S 103°40'06""E",Ya,275 M,0,Umum,,2,,,,,,Pipe Line,150,,,
lks,GBS Palembang,"3°02'30""S 104°12'41""E",Ya,300 M,2,TUKS,,2,,,,,,Pipe Line,100,Golden Blossom Sumatra,,
Sumatera Selatan,Boombaru,"-2.987380, 104.815421",Ya,350 M,0,Umum,,2,,,,,,Pipe Line,150,,,
Sumatera Selatan,Boombaru,"-2.987380, 104.815421",Ya,,0,Umum,,2,,,,,,Pipe Line,150,,,
Sumatera Selatan,Tanjung Api-api,"-2.738202, 104.760954",Ya,300 M,0,TUKS,,1,,,,,,Pipe Line,150,,,
Sumatera Selatan,Upang Jaya,"2°48'06""S 104°53'58""E",Ya,,0,TUKS,,1,,,,,,Pipe Line,100,Transpacific Agroindustry,,
Sumatera Selatan,Sei Lilin,"2°38'06""S 104°13'59""E",Ya,300 M,0,TUKS,,1,,,,,,Truck Loosing,30,,,
Bengkulu,Pulau Baai,"-3.905313, 102.307204",Tidak,,,Umum,Pelindo 2,2,,,,,,Truck Loosing,30,,,
Jawa,Tanjung Priok,"-6.101511, 106.886031",Tidak,,0,Umum,,1,,,,,,Truck Loosing,50,,,
Jawa,Marunda,"-6.071094896828234, 106.97015994517413",Tidak,,0,Umum,,2,,,,,,Truck Loosing,50,,,
Jawa,Surabaya,"-7.196667, 112.732778",Tidak,,0,Umum,,1,,,,,,Truck Loosing,50,,,
Kalimantan Barat,Tanjung Pura,"0.497364, 108.905890",Tidak,,0,Umum,Pelindo 2,2,,,,,,Truck Loosing,50,,,
Kalimantan Barat,Wajok,"0.038889, 109.225000",Ya,500 M,0,TUKS,,1,,,,,,Pipe Line,150,,,
Kalimantan Barat,Sintete,"1.1932963, 109.061553",Ya,700 M,0,Umum,,2,,,,,,Truck Loosing,50,,,
Kalimantan Barat,Sukalanting,"-0.28799881181810777, 109.57947044311717",Ya,200 M,2,TUKS,,1,,,,,,Pipe Line,150,,,
Kalimantan Barat,Kubu,"0°25'37""S 109°16'09""E",Ya,150 M,0,TUKS,,2,,,,,,Pipe Line,20,,,
Kalimantan Barat,Air Hitam,"-2.8163769165324397, 110.61899240130003",Ya,50 M,0,TUKS,,1,,,,,,Truck Loosing,30,,,
Kalimantan Barat,Tayan,"-0.042677, 110.066608",Ya,100 M,0,TUKS,,1,,,,,,Pipe Line,150,,,
Kalimantan Barat,Meliau - Sei Mayam,"-0.1067093, 110.2855971",Ya,100 M,1,TUKS,,1,,,,,,Pipe Line,150,,,
Kalimantan Barat,Korek (PLK),"0°00'52""S 109°32'37""E",Ya,100 M,1,TUKS,,1,,,,,,Pipe Line,150,,,
Kalimantan Barat,Rimba Belian,"-2.8187555567773366, 110.62372304896797",Ya,100 M,1,TUKS,,1,,,,,,Truck Loosing,30,,,
Kalimantan Barat,Mensiku,"0°12'51""N 111°33'26""E",Ya,,1,TUKS,,1,,,,,,Pipe Line,150,,,
Kalimantan Barat,Sanggau,"0.11823168129064462, 110.59374548516807",Ya,600 M,1,TUKS,,1,,,,,,Truck Loosing,30,,,
Kalimantan Barat,Sekadau,,Ya,650 M,1,TUKS,,1,,,,,,Truck Loosing,30,,,
Kalimantan Barat,Belitang,"0°00'30.0""S 110°48'22.2""E",Ya,50 M,2,TUKS,,2,,,,,,Truck Loosing,21,,,
Kalimantan Barat,Sintang,"0.1241482852856969, 111.13994073433139",Ya,400 M,1,TUKS,,1,,,,,,Truck Loosing,30,,,
Kalimantan Barat,Nanga Ketungau,"0.080822, 111.429496",Ya,400 M,1,TUKS,,1,,,,,,Pipe Line,150,,,
Kalimantan Barat,Kayong Utara,"0.3554742, 111.6273332",Ya,250 M,1,TUKS,,1,,,,,,Truck Loosing,25,,,
Kalimantan Barat,Sei Matan,,Ya,,1,TUKS,,1,,,,,,Truck Loosing,30,,,
Kalimantan Barat,Kendawangan,"-0.9754806, 110.0895106",Ya,70 M,1,TUKS,,1,,,,,,Pipe Line,150,,,
Kalimantan Barat,Kelampai,"-2.5387629, 110.3509981",Ya,180 M,0,TUKS,,2,,,,,,Truck Loosing,50,,,
Kalimantan Barat,Ketapang,"-2.3121182, 110.3973819",Ya,150 M,0,TUKS,,2,,,,,,Pipe Line,150,,,
Kalimantan Barat,Ketapang,"-1.3817799, 110.4618014",Ya,170 M,1,TUKS,,1,,,,,,Truck Loosing,50,,,
Kalimantan Barat,Matan (Melano),"-1.3817799, 110.4618014",Ya,170 M,1,TUKS,,1,,,,,,Truck Loosing,50,,,
Kalimantan Tengah,Kumai - TL,,Ya,220 M,1,TUKS,,1,,,,,,Truck Loosing,50,,,
Kalimantan Tengah,Kumai - PL,"-2.626946, 111.803561",Ya,600 M,0,Umum/TUKS,,2,,,5.8,,,Truck Loosing,40,,,
Kalimantan Tengah,Bagendang - PL,"-2.626946, 111.803561",Ya,600 M,0,Umum/TUKS,,2,,,5.8,,,Pipe Line,150,,,
Kalimantan Tengah,Bagendang - TL,"-2.717689, 112.928358",Ya,600 M,0,Umum,Pelindo 3,2,2,220 M,5.0,6000,,Pipe Line,150,"Agro Hope, Musirawas,
Menthobi ",,
Kalimantan Tengah,Luwuk Bunter,"-2.717689, 112.928358",Ya,600 M,0,Umum,Pelindo 3,2,2,220 M,5.0,6000,,Truck Loosing,50,"Agro Hope, Musirawas,
Menthobi ",,
Kalimantan Tengah,Kabuau,"-2.717689, 112.928358",Ya,600 M,0,Umum,Pelindo 3,2,2,220 M,5.0,6000,,Pipe Line,150,"Agro Hope, Musirawas,
Menthobi ",,
Kalimantan Tengah,Cempaga,,Ya,60 M,0,,,2,,,,,,Truck Loosing,45,,,
Kalimantan Tengah,Kuala Kapuas,"-2.0231996, 113.0288319",Ya,70 M,0,,,2,,,,,,Truck Loosing,30,,,
Kalimantan Tengah,Buntok,"-2.6664145, 114.4179018",Ya,490 M,0,TUKS,,2,,,,,,Truck Loosing,30,,,
Kalimantan Selatan,Satui,"-2.2296527, 114.9390559",Ya,75 M,0,TUKS,,2,,,,4000,,Truck Loosing,30,,,
Kalimantan Selatan,Marabahan,"-3.8028051, 115.482838",Ya,90 M,0,Umum,,1,,,,,,Truck Loosing,50,,,
Kalimantan Selatan,Tapin,"-2.8002101, 114.779285",Ya,260 M,0,TUKS,,2,,,,,,Truck Loosing,30,,,
Kalimantan Selatan,Pulau Laut,"-2.9066051670401443, 114.9055473066919",Ya,240 M,0,TUKS,,1,,,,,,Truck Loosing,30,,,
Kalimantan Timur,Maloy,,Tidak,,0,TUKS,,,,,,,,,,,,
Kalimantan Timur,Bontang,"0.9193333, 117.9873056",Ya,710 M,0,Umum,,1,,,,,,Pipe Line,150,,,
Kalimantan Timur,Pangadan,"0.040201453082065804, 117.52873975490958",Tidak,,0,TUKS,,2,,,,,,Pipe Line,50,,,
Kalimantan Timur,Samarinda,"1.331035230501352, 117.70471124545836",Ya,40 M,0,TUKS,,2,,,,,,Truck Loosing,30,,,
Kalimantan Timur,Lempake,"-0.5730724, 117.2136034",Ya,,0,Umum,,1,,,,,,Pipe Line,150,Rhea Kaltim,,
Kalimantan Timur,Palaran,"-0.3404751, 117.0685787",Ya,250 M,0,TUKS,,1,,,,,,Truck Loosing,50,Teladan,,
Kalimantan Timur,Kota Bangun,"-0.5730724, 117.2136034",Ya,800 M,0,Umum,,1,,,,,,Truck Loosing,50,,,
Kalimantan Timur,Muara Kaman,"-0.2288888889, 116.6186111",Ya,240 M,0,,,1,,,,,,Pipe Line,150,,,
Kalimantan Timur,Rantau Hempang,"-0.2319642, 116.8031467",Ya,330 M,1,TUKS,,1,,,,,,Pipe Line,150,,,
Kalimantan Timur,Sebulu,"-0.2009725, 116.7765119",Ya,330 M,1,TUKS,,1,,,,,,Pipe Line,150,,,
Kalimantan Timur,"Melak,kutai barat","-0.2830063, 117.0127716",Ya,250 M,1,TUKS,,1,,,,,,Pipe Line,150,,,
Kalimantan Timur,Buluminung,"-0.3006347, 115.8704202",Ya,220 M,2,TUKS,,4,,,,,,Truck Loosing,15,,,
Kalimantan Timur,Pondong,"-1.2176157, 116.7444044",Tidak,,0,Umum,,4,,,,,,Truck Loosing,50,,,
Kalimantan Timur,Tanah Grogot,"01 47,979 S /116 15,110 E",Ya,,,Umum,,4,1,300 METER,6 METER,3000,,Truck Loosing,45,"BWSS, AAMU, SARASWANTI ",,
Kalimantan Timur,Maloy - PL,"01 47,979 S /116 15,110 E",Ya,,,Umum,,2,,,,,,Truck Loosing,45,,,
Kalimantan Timur,Maloy - TL,"0.7716531, 117.9903666",Tidak,,0,TUKS,,1,,,,,,Pipe Line,150,,,
Kalimantan Timur,Sandaran,"0.7716531, 117.9903666",Tidak,,0,Umum,,1,,,,,,Truck Loosing,25,,,
Kalimantan Timur,Sangkulirang,"0.8651052, 118.479409",Tidak,200 M,0,,,2,,,,,,Pipe Line,150,,,
Kalimantan Timur,Pengandan,"1.2220418554104535, 117.8393126004969",Ya,,0,,,2,,,,,,Truck Loosing,30,,,
Kalimantan Timur,Tanjung Redeb,"1.22207, 117.8389836",Ya,100 M,0,,,2,,,,,,Pipe Line,150,Teladan ,,
Kalimantan Timur,Labanan,"2.1138997, 117.3705127",Ya,300 M,0,,,2,,,,,,Pipe Line,150,,,
Kalimantan Timur,Bulungan,"2.0922285, 117.3182701",Ya,280 M,1,TUKS,,1,,,,,,Pipe Line,150,TAP,,
Kalimantan Timur,Derawan,"3.1605083, 117.3044323",Ya,,0,TUKS,,2,,,,,,Pipe Line,150,,,
Kalimantan Timur,Salim Batu,"2.3417241, 118.0700404",Ya,,0,Umum,,2,1,150 meter,"1,9 - 2,2 M",,2 hari 1kali,Pipe Line,150,SKJ,,
Kalimantan Timur,Sesayap,"2°57'26""N 117°17'12""E",Ya,80 M,0,TUKS,,1,,,,,,Truck Loosing,30,,,
Kalimantan Utara,Tana Tidung,,Ya,,0,TUKS,,1,,,,,,Pipe Line,100,,,
Kalimantan Utara,Nunukan,"3.6060101, 117.0325742",Tidak,,0,TUKS,,2,,,,,,Pipe Line,150,,,
Kalimantan Utara,Sebakis,"4.1540708, 117.6979936",Tidak,,0,TUKS,,2,,,,,,Truck Loosing,25,,,
Kalimantan Utara,Sebuku,"4.0819712, 117.2506794",Ya,,0,TUKS,,2,1,± 100 meter,5 meter,6000,"Ya, 4 - 6 jam",Pipe Line,150,SIL,,
Kalimantan Utara,Simanggaris,"3.8264953, 117.3554717",Ya,,0,TUKS,,2,1,-,3.75,4000,"Ya, 1 hari",Truck Loosing,50,KHL,,
Sulawesi Tengah,Buol,"4.2104081, 117.2663227",Ya,60 M,0,TUKS,,2,1,± 150 meter,"3,70 meter",3000,"Ya, 4 - 6 jam",Pipe Line,150,NJL,,
Sulawesi Barat,Babana,"1.1913556, 121.4245626",Tidak,,0,,,1,,,,,,Pipe Line,150,,,
Sulawesi Barat,Belang-belang,"-2.0991971, 119.1938035",Tidak,,0,,,2,,,,,,Truck Loosing,25,,,
Sulawesi Barat,Bonemanjing,"-2.4741309, 119.1278044",Tidak,,0,,,2,,,,,,Truck Loosing,25,,,
Sulawesi Selatan,Palopo,,Tidak,,0,,,1,,,,,,Pipe Line,150,,,
Sulawesi Selatan,Mamuju,"-2.9830179, 120.2524646",Tidak,,0,Umum,,2,,,,3000,,Pipe Line,25,,,
Papua,Sorong,,Tidak,,0,,,3,,,,,,Truck Loosing,25,,,
Papua,Manokwari,"-1.0296753, 131.2387591",Tidak,,,,,1,,,,,,Pipe Line,150,,,
Papua,Asike,"-0.871762, 134.058143",Tidak,,,,,1,,,,,,Pipe Line,150,,,
Papua,Merauke,"-6.6442938, 140.4153904",Ya,,,,,1,,,,,,Pipe Line,150,,,
Papua,Nabire,"-8.4779929, 140.3890594",Ya,,,Umum,,3,,± 130 meter,"5,1 meter",,,Truck Loosing,15,,,
Malaysia,Port Klang,"-3.2468189, 135.3198105",Tidak,,,,,1,,,,,,Pipe Line,150,,,
Malaysia,Pasir Gudang,"3.00000, 101.40000",Tidak,,,,,1,,,,,,Pipe Line,150,,,
Kalimantan Timur,Balikpapan - PL,"1.470288, 103.9029689",Tidak,,,,,1,,,,,,Pipe Line,150,,,
Kalimantan Barat,RK Sei Deras,"1°06'36""S 116°44'13""E",Tidak,,,,,1,,,,,,Pipe Line,150,,,
,,"0°15'57""S 109°15'09""E",Ya,,,,,1,,,,,,Pipe Line,100,,,
,,,,,,,,,,,,,,,,,,
,,,,,,,,,,,,,,,,,,
,,,,,,,,,,,,,,,,,,
,,,,,,,,,,,,,,,,,,
,,,,,,,,,,,,,,,,,,
,,,,,,,,,,,,,,,,,,
,,,,,,,,,,,,,,,,,,
,,,,,,,,,,,,,,,,,,
,,,,,,,,,,,,,,,,,,
,,,,,,,,,,,,,,,,,,
,,,,,,,,,,,,,,,,,,
,,,,,,,,,,,,,,,,,,
,,,,,,,,,,,,,,,,,,
,,,,,,,,,,,,,,,,,,
,,,,,,,,,,,,,,,,,,
,,,,,,,,,,,,,,,,,,
,,,,,,,,,,,,,,,,,,
,,,,,,,,,,,,,,,,,,
,,,,,,,,,,,,,,,,,,
,,,,,,,,,,,,,,,,,,
,,,,,,,,,,,,,,,,,,
,,,,,,,,,,,,,,,,,,
,,,,,,,,,,,,,,,,,,
,,,,,,,,,,,,,,,,,,
,,,,,,,,,,,,,,,,,,
,,,,,,,,,,,,,,,,,,
,,,,,,,,,,,,,,,,,,
,,,,,,,,,,,,,,,,,,
,,,,,,,,,,,,,,,,,,
,,,,,,,,,,,,,,,,,,
,,,,,,,,,,,,,,,,,,
,,,,,,,,,,,,,,,,,,
,,,,,,,,,,,,,,,,,,
,,,,,,,,,,,,,,,,,,
,,,,,,,,,,,,,,,,,,
,,,,,,,,,,,,,,,,,,
,,,,,,,,,,,,,,,,,,
,,,,,,,,,,,,,,,,,,
,,,,,,,,,,,,,,,,,,
,,,,,,,,,,,,,,,,,,
,,,,,,,,,,,,,,,,,,
,,,,,,,,,,,,,,,,,,
,,,,,,,,,,,,,,,,,,
,,,,,,,,,,,,,,,,,,
,,,,,,,,,,,,,,,,,,
,,,,,,,,,,,,,,,,,,
,,,,,,,,,,,,,,,,,,
,,,,,,,,,,,,,,,,,,
,,,,,,,,,,,,,,,,,,
,,,,,,,,,,,,,,,,,,
,,,,,,,,,,,,,,,,,,
,,,,,,,,,,,,,,,,,,
